<?xml version="1.0" encoding="UTF-8" standalone="no"?>
<XML xmlns="CreateXMLDOM">
	<Region>
		<Name>Dolly Sisters</Name>
		<RegionNumber>1</RegionNumber>
		<rBuildingCost>6</rBuildingCost>
		<NumberOfMinions>3</NumberOfMinions>
		<NumberOfrTroubleMarkers>1</NumberOfrTroubleMarkers>
		<NumberOfrDemons>0</NumberOfrDemons>
		<NumberOfrTrolls>0</NumberOfrTrolls>
	</Region>
	<Region>
		<Name>Unreal Estate</Name>
		<RegionNumber>2</RegionNumber>
		<rBuildingCost>18</rBuildingCost>
		<NumberOfMinions>0</NumberOfMinions>
		<NumberOfrTroubleMarkers>0</NumberOfrTroubleMarkers>
		<NumberOfrDemons>0</NumberOfrDemons>
		<NumberOfrTrolls>0</NumberOfrTrolls>
	</Region>
	<Region>
		<Name>Dragon's Landing</Name>
		<RegionNumber>3</RegionNumber>
		<rBuildingCost>12</rBuildingCost>
		<NumberOfMinions>0</NumberOfMinions>
		<NumberOfrTroubleMarkers>0</NumberOfrTroubleMarkers>
		<NumberOfrDemons>0</NumberOfrDemons>
		<NumberOfrTrolls>0</NumberOfrTrolls>
	</Region>
	<Region>
		<Name>Small Gods</Name>
		<RegionNumber>4</RegionNumber>
		<rBuildingCost>18</rBuildingCost>
		<NumberOfMinions>0</NumberOfMinions>
		<NumberOfrTroubleMarkers>0</NumberOfrTroubleMarkers>
		<NumberOfrDemons>0</NumberOfrDemons>
		<NumberOfrTrolls>0</NumberOfrTrolls>
	</Region>
	<Region>
		<Name>The Scours</Name>
		<RegionNumber>5</RegionNumber>
		<rBuildingCost>6</rBuildingCost>
		<NumberOfMinions>3</NumberOfMinions>
		<NumberOfrTroubleMarkers>1</NumberOfrTroubleMarkers>
		<NumberOfrDemons>0</NumberOfrDemons>
		<NumberOfrTrolls>0</NumberOfrTrolls>
	</Region>
	<Region>
		<Name>The Hippo</Name>
		<RegionNumber>6</RegionNumber>
		<rBuildingCost>12</rBuildingCost>
		<NumberOfMinions>0</NumberOfMinions>
		<NumberOfrTroubleMarkers>0</NumberOfrTroubleMarkers>
		<NumberOfrDemons>0</NumberOfrDemons>
		<NumberOfrTrolls>0</NumberOfrTrolls>
	</Region>
	<Region>
		<Name>The Shades</Name>
		<RegionNumber>7</RegionNumber>
		<rBuildingCost>6</rBuildingCost>
		<NumberOfMinions>3</NumberOfMinions>
		<NumberOfrTroubleMarkers>1</NumberOfrTroubleMarkers>
		<NumberOfrDemons>0</NumberOfrDemons>
		<NumberOfrTrolls>0</NumberOfrTrolls>
	</Region>
	<Region>
		<Name>Dimwell</Name>
		<RegionNumber>8</RegionNumber>
		<rBuildingCost>6</rBuildingCost>
		<NumberOfMinions>0</NumberOfMinions>
		<NumberOfrTroubleMarkers>0</NumberOfrTroubleMarkers>
		<NumberOfrDemons>0</NumberOfrDemons>
		<NumberOfrTrolls>0</NumberOfrTrolls>
	</Region>
	<Region>
		<Name>Longwall</Name>
		<RegionNumber>9</RegionNumber>
		<rBuildingCost>12</rBuildingCost>
		<NumberOfMinions>0</NumberOfMinions>
		<NumberOfrTroubleMarkers>0</NumberOfrTroubleMarkers>
		<NumberOfrDemons>0</NumberOfrDemons>
		<NumberOfrTrolls>0</NumberOfrTrolls>
	</Region>
	<Region>
		<Name>Isle of Gods</Name>
		<RegionNumber>10</RegionNumber>
		<rBuildingCost>12</rBuildingCost>
		<NumberOfMinions>0</NumberOfMinions>
		<NumberOfrTroubleMarkers>0</NumberOfrTroubleMarkers>
		<NumberOfrDemons>0</NumberOfrDemons>
		<NumberOfrTrolls>0</NumberOfrTrolls>
	</Region>
	<Region>
		<Name>Seven Sleepers</Name>
		<RegionNumber>11</RegionNumber>
		<rBuildingCost>18</rBuildingCost>
		<NumberOfMinions>0</NumberOfMinions>
		<NumberOfrTroubleMarkers>0</NumberOfrTroubleMarkers>
		<NumberOfrDemons>0</NumberOfrDemons>
		<NumberOfrTrolls>0</NumberOfrTrolls>
	</Region>
	<Region>
		<Name>Nap Hill</Name>
		<RegionNumber>12</RegionNumber>
		<rBuildingCost>12</rBuildingCost>
		<NumberOfMinions>0</NumberOfMinions>
		<NumberOfrTroubleMarkers>0</NumberOfrTroubleMarkers>
		<NumberOfrDemons>0</NumberOfrDemons>
		<NumberOfrTrolls>0</NumberOfrTrolls>
	</Region>
	<Player Number="1">
		<Color>red</Color>
		<Building_Hold>6</Building_Hold>
		<Cash_Hold>10</Cash_Hold>
		<Minion_Hold>9</Minion_Hold>
		<Personality>LORD_DE_WORDE</Personality>
		<Player_Cards>{Green=[8, 5, 32, 41, 2]}</Player_Cards>
	</Player>
	<Player Number="2">
		<Color>yellow</Color>
		<Building_Hold>6</Building_Hold>
		<Cash_Hold>10</Cash_Hold>
		<Minion_Hold>9</Minion_Hold>
		<Personality>DRAGON_KING_OF_ARMS</Personality>
		<Player_Cards>{Green=[3, 15, 7, 46, 27]}</Player_Cards>
	</Player>
	<Player Number="3">
		<Color>green</Color>
		<Building_Hold>6</Building_Hold>
		<Cash_Hold>10</Cash_Hold>
		<Minion_Hold>9</Minion_Hold>
		<Personality>LORD_SELACHII</Personality>
		<Player_Cards>{Green=[10, 21, 9, 22, 19]}</Player_Cards>
	</Player>
</XML>
