<?xml version="1.0" encoding="UTF-8"?>
<players>
  <player1>
    <Player1_Color color="Red" />
    <Player1_personality person="Dragon King of Arms" />
    <Player1_CardNo Card_No="23,12,14,34,42" />
    <Player1_No_Minions minions_No="3 minions" />
    <Player1_No_Buildings Buildings_No="4 buildings" />
    <Player1_Money Money="10 Ankh-Morpork $" />
  </player1>
  <player2>
    <Player2_Color color="Green" />
    <Player2_personality person="Lord Selachii" />
    <Player2_CardNo Card_No="27,33,16,45,3" />
    <Player2_No_Minions minions_No="7 minions" />
    <Player2_No_Buildings Buildings_No="1 buildings" />
    <Player2_Money Money="10 Ankh-Morpork $" />
  </player2>
  <player3>
    <Player3_Color color="Black" />
    <Player3_personality person="Commander Vimes" />
    <Player3_CardNo Card_No="31,6,7,26,44" />
    <Player3_No_Minions minions_No="3 minions" />
    <Player3_No_Buildings Buildings_No="4 buildings" />
    <Player3_Money Money="10 Ankh-Morpork $" />
  </player3>
  <player4>
    <Player4_Color color="Yellow" />
    <Player4_personality person="character4" />
    <Player4_CardNo Card_No="47,48,1,57,65" />
    <Player4_No_Minions minions_No="3 minions" />
    <Player4_No_Buildings Buildings_No="4 buildings" />
    <Player4_Money Money="10  Ankh-Morpork $" />
  </player4>
</players>
