<?xml version="1.0" encoding="UTF-8" standalone="no"?>
<XML xmlns="CreateXMLDOM">
	<Regions>
		<Region Name="Dolly Sisters">
			<RegionNumber>1</RegionNumber>
			<rBuildingCost>6</rBuildingCost>
			<NumberOfMinions>2</NumberOfMinions>
			<NumberOfrTroubleMarkers>1</NumberOfrTroubleMarkers>
			<NumberOfrDemons>0</NumberOfrDemons>
			<NumberOfrTrolls>0</NumberOfrTrolls>
		</Region>
		<Region Name="Unreal Estate">
			<RegionNumber>2</RegionNumber>
			<rBuildingCost>18</rBuildingCost>
			<NumberOfMinions>0</NumberOfMinions>
			<NumberOfrTroubleMarkers>0</NumberOfrTroubleMarkers>
			<NumberOfrDemons>0</NumberOfrDemons>
			<NumberOfrTrolls>0</NumberOfrTrolls>
		</Region>
		<Region Name="Dragon's Landing">
			<RegionNumber>3</RegionNumber>
			<rBuildingCost>12</rBuildingCost>
			<NumberOfMinions>0</NumberOfMinions>
			<NumberOfrTroubleMarkers>0</NumberOfrTroubleMarkers>
			<NumberOfrDemons>0</NumberOfrDemons>
			<NumberOfrTrolls>0</NumberOfrTrolls>
		</Region>
		<Region Name="Small Gods">
			<RegionNumber>4</RegionNumber>
			<rBuildingCost>18</rBuildingCost>
			<NumberOfMinions>0</NumberOfMinions>
			<NumberOfrTroubleMarkers>0</NumberOfrTroubleMarkers>
			<NumberOfrDemons>0</NumberOfrDemons>
			<NumberOfrTrolls>0</NumberOfrTrolls>
		</Region>
		<Region Name="The Scours">
			<RegionNumber>5</RegionNumber>
			<rBuildingCost>6</rBuildingCost>
			<NumberOfMinions>2</NumberOfMinions>
			<NumberOfrTroubleMarkers>1</NumberOfrTroubleMarkers>
			<NumberOfrDemons>0</NumberOfrDemons>
			<NumberOfrTrolls>0</NumberOfrTrolls>
		</Region>
		<Region Name="The Hippo">
			<RegionNumber>6</RegionNumber>
			<rBuildingCost>12</rBuildingCost>
			<NumberOfMinions>0</NumberOfMinions>
			<NumberOfrTroubleMarkers>0</NumberOfrTroubleMarkers>
			<NumberOfrDemons>0</NumberOfrDemons>
			<NumberOfrTrolls>0</NumberOfrTrolls>
		</Region>
		<Region Name="The Shades">
			<RegionNumber>7</RegionNumber>
			<rBuildingCost>6</rBuildingCost>
			<NumberOfMinions>2</NumberOfMinions>
			<NumberOfrTroubleMarkers>1</NumberOfrTroubleMarkers>
			<NumberOfrDemons>0</NumberOfrDemons>
			<NumberOfrTrolls>0</NumberOfrTrolls>
		</Region>
		<Region Name="Dimwell">
			<RegionNumber>8</RegionNumber>
			<rBuildingCost>6</rBuildingCost>
			<NumberOfMinions>0</NumberOfMinions>
			<NumberOfrTroubleMarkers>0</NumberOfrTroubleMarkers>
			<NumberOfrDemons>0</NumberOfrDemons>
			<NumberOfrTrolls>0</NumberOfrTrolls>
		</Region>
		<Region Name="Longwall">
			<RegionNumber>9</RegionNumber>
			<rBuildingCost>12</rBuildingCost>
			<NumberOfMinions>0</NumberOfMinions>
			<NumberOfrTroubleMarkers>0</NumberOfrTroubleMarkers>
			<NumberOfrDemons>0</NumberOfrDemons>
			<NumberOfrTrolls>0</NumberOfrTrolls>
		</Region>
		<Region Name="Isle of Gods">
			<RegionNumber>10</RegionNumber>
			<rBuildingCost>12</rBuildingCost>
			<NumberOfMinions>0</NumberOfMinions>
			<NumberOfrTroubleMarkers>0</NumberOfrTroubleMarkers>
			<NumberOfrDemons>0</NumberOfrDemons>
			<NumberOfrTrolls>0</NumberOfrTrolls>
		</Region>
		<Region Name="Seven Sleepers">
			<RegionNumber>11</RegionNumber>
			<rBuildingCost>18</rBuildingCost>
			<NumberOfMinions>0</NumberOfMinions>
			<NumberOfrTroubleMarkers>0</NumberOfrTroubleMarkers>
			<NumberOfrDemons>0</NumberOfrDemons>
			<NumberOfrTrolls>0</NumberOfrTrolls>
		</Region>
		<Region Name="Nap Hill">
			<RegionNumber>12</RegionNumber>
			<rBuildingCost>12</rBuildingCost>
			<NumberOfMinions>0</NumberOfMinions>
			<NumberOfrTroubleMarkers>0</NumberOfrTroubleMarkers>
			<NumberOfrDemons>0</NumberOfrDemons>
			<NumberOfrTrolls>0</NumberOfrTrolls>
		</Region>
	</Regions>
	<Players>
		<Player Number="1">
			<Color>red</Color>
			<Building_Hold>6</Building_Hold>
			<Cash_Hold>10</Cash_Hold>
			<Minion_Hold>9</Minion_Hold>
			<Personality>LORD_VETINARI</Personality>
			<Player_Cards>{Green=[6, 24, 41, 29, 3]}</Player_Cards>
		</Player>
		<Player Number="2">
			<Color>yellow</Color>
			<Building_Hold>6</Building_Hold>
			<Cash_Hold>10</Cash_Hold>
			<Minion_Hold>9</Minion_Hold>
			<Personality>DRAGON_KING_OF_ARMS</Personality>
			<Player_Cards>{Green=[48, 1, 35, 38, 31]}</Player_Cards>
		</Player>
	</Players>
</XML>
